Email, True Label , Pred Label
email1,0,0
email2,0,0
email3,0,0
email4,1,1
email5,0,0
email6,0,0
email7,0,1
email8,1,1
email9,0,0
email10,0,0
email11,1,0
email12,1,1
email13,0,0
email14,1,1
email15,0,0
email16,1,0
email17,0,0
email18,0,0
email19,0,0
email20,0,0
email21,0,0
email22,0,1
email23,0,0
email24,0,0
email25,1,0
email26,0,0
email27,0,1
email28,0,0
email29,0,0
email30,0,0
email31,0,0
email32,0,0
email33,0,0
email34,0,0
email35,0,0
email36,1,1
email37,0,0
email38,0,0
email39,0,0
email40,0,0
email41,1,1
email42,1,1
email43,0,0
email44,0,0
email45,0,0
email46,0,0
email47,1,1
email48,1,1
email49,1,1
email50,0,0
email51,1,1
email52,0,0
email53,0,1
email54,0,0
email55,0,0
email56,0,0
email57,0,0
email58,0,0
email59,0,0
email60,0,0
email61,1,0
email62,0,0
email63,0,0
email64,0,0
email65,0,0
email66,0,0
email67,0,1
email68,0,0
email69,1,1
email70,0,0
email71,1,1
email72,1,1
email73,0,0
email74,0,1
email75,1,1
email76,1,1
email77,0,0
email78,0,0
email79,0,0
email80,0,0
email81,0,0
email82,0,0
email83,0,0
email84,0,0
email85,0,0
email86,1,1
email87,0,0
email88,0,0
email89,0,0
email90,0,0
email91,1,1
email92,1,0
email93,1,1
email94,1,1
email95,1,1
email96,0,1
email97,0,0
email98,0,0
email99,1,0
email100,0,0
email101,0,0
email102,0,0
email103,0,0
email104,1,1
email105,1,1
email106,0,0
email107,1,1
email108,0,0
email109,0,0
email110,1,1
email111,1,1
email112,0,0
email113,0,0
email114,0,0
email115,0,0
email116,1,1
email117,0,0
email118,0,1
email119,0,0
email120,0,0
email121,0,0
email122,0,0
email123,0,0
email124,0,0
email125,1,1
email126,0,0
email127,1,1
email128,0,0
email129,1,1
email130,1,1
email131,0,0
email132,0,0
email133,0,0
email134,0,0
email135,1,1
email136,1,1
email137,0,0
email138,1,1
email139,1,1
email140,1,0
email141,0,0
email142,1,1
email143,0,0
email144,0,0
email145,1,1
email146,0,0
email147,0,0
email148,1,0
email149,0,0
email150,0,0
email151,0,0
email152,0,0
email153,0,0
email154,0,0
email155,1,1
email156,0,0
email157,0,0
email158,1,1
email159,1,1
email160,0,0
email161,0,0
email162,0,0
email163,1,1
email164,1,1
email165,1,1
email166,0,0
email167,0,0
email168,0,0
email169,0,0
email170,0,0
email171,0,0
email172,0,0
email173,0,0
email174,0,1
email175,0,0
email176,1,1
email177,1,1
email178,0,0
email179,0,0
email180,1,1
email181,1,1
email182,0,0
email183,1,1
email184,0,0
email185,1,1
email186,0,0
email187,1,1
email188,0,0
email189,0,0
email190,0,0
email191,0,0
email192,1,1
email193,0,0
email194,0,0
email195,0,0
email196,1,1
email197,0,0
email198,0,0
email199,0,0
email200,0,0
email201,0,0
email202,0,1
email203,0,0
email204,0,0
email205,0,0
email206,0,0
email207,0,0
email208,0,0
email209,1,1
email210,0,0
email211,0,0
email212,0,0
email213,0,0
email214,1,1
email215,0,0
email216,0,0
email217,0,0
email218,0,0
email219,1,1
email220,1,0
email221,0,0
email222,0,0
email223,0,0
email224,1,1
email225,1,1
email226,0,0
email227,0,0
email228,0,0
email229,0,0
email230,0,1
email231,0,0
email232,1,1
email233,1,0
email234,1,1
email235,0,0
email236,0,0
email237,1,0
email238,0,0
email239,0,0
email240,1,1
email241,0,0
email242,1,1
email243,0,0
email244,1,0
email245,1,1
email246,0,0
email247,1,1
email248,0,0
email249,1,1
email250,0,0
email251,1,1
email252,0,0
email253,0,0
email254,1,1
email255,0,0
email256,1,1
email257,1,1
email258,1,1
email259,1,1
email260,0,0
email261,1,1
email262,1,1
email263,0,0
email264,0,0
email265,1,1
email266,0,0
email267,1,1
email268,0,0
email269,0,0
email270,0,0
email271,0,0
email272,0,0
email273,1,1
email274,0,0
email275,1,1
email276,0,0
email277,1,1
email278,0,1
email279,0,0
email280,0,0
email281,0,0
email282,1,1
email283,0,0
email284,0,0
email285,1,1
email286,0,0
email287,0,0
email288,0,0
email289,0,0
email290,0,0
email291,0,0
email292,1,0
email293,0,0
email294,0,0
email295,0,0
email296,1,1
email297,1,1
email298,0,0
email299,1,1
email300,0,0
email301,0,0
email302,1,1
email303,0,0
email304,0,0
email305,0,0
email306,1,1
email307,0,0
email308,0,0
email309,0,0
email310,0,0
email311,1,1
email312,0,0
email313,0,0
email314,0,0
email315,1,1
email316,0,0
email317,0,0
email318,1,1
email319,1,1
email320,0,0
email321,0,0
email322,0,0
email323,0,0
email324,0,0
email325,1,1
email326,0,0
email327,0,0
email328,1,1
email329,0,0
email330,0,0
email331,0,0
email332,1,1
email333,0,0
email334,1,1
email335,1,1
email336,1,1
email337,0,0
email338,0,0
email339,0,0
email340,0,0
email341,1,1
email342,1,1
email343,0,0
email344,0,0
email345,1,1
email346,1,0
email347,0,0
email348,0,0
email349,0,0
email350,0,0
email351,1,1
email352,0,0
email353,0,0
email354,0,0
email355,1,1
email356,0,0
email357,0,0
email358,0,0
email359,0,0
email360,1,1
email361,0,0
email362,0,0
email363,0,0
email364,1,1
email365,0,0
email366,0,0
email367,1,1
email368,0,0
email369,0,0
email370,0,0
email371,1,1
email372,0,0
email373,0,0
email374,1,1
email375,0,0
email376,0,0
email377,1,1
email378,0,0
email379,0,0
email380,0,0
email381,0,0
email382,0,1
email383,0,0
email384,0,0
email385,0,0
email386,0,0
email387,0,0
email388,0,1
email389,1,1
email390,0,0
email391,0,0
email392,0,0
email393,1,1
email394,0,0
email395,0,0
email396,0,0
email397,0,0
email398,1,1
email399,0,0
email400,0,0
email401,0,0
email402,0,0
email403,0,0
email404,1,1
email405,1,1
email406,0,0
email407,1,1
email408,1,1
email409,0,0
email410,0,0
email411,1,1
email412,0,0
email413,1,1
email414,0,0
email415,0,0
email416,0,0
email417,0,0
email418,1,1
email419,0,0
email420,1,0
email421,0,0
email422,0,0
email423,0,0
email424,0,0
email425,0,0
email426,0,0
email427,0,0
email428,0,0
email429,0,0
email430,0,0
email431,0,0
email432,0,0
email433,1,1
email434,1,1
email435,0,0
email436,0,0
email437,0,0
email438,0,0
email439,0,0
email440,1,1
email441,0,0
email442,0,0
email443,0,0
email444,0,0
email445,0,0
email446,1,0
email447,0,0
email448,0,0
email449,0,0
email450,0,0
email451,1,1
email452,0,0
email453,0,0
email454,0,0
email455,0,0
email456,0,0
email457,0,0
email458,0,0
email459,0,0
email460,1,1
email461,0,0
email462,0,1
email463,0,0
email464,0,0
email465,1,1
email466,0,0
email467,0,0
email468,0,0
email469,1,1
email470,0,0
email471,1,1
email472,1,1
email473,0,0
email474,0,0
email475,0,0
email476,0,0
email477,1,1
email478,1,1
email479,0,0
email480,0,0
email481,0,0
email482,1,1
email483,1,1
email484,0,0
email485,0,0
email486,1,1
email487,0,0
email488,0,0
email489,0,0
email490,0,1
email491,0,0
email492,0,0
email493,1,1
email494,0,0
email495,1,1
email496,0,0
email497,1,1
email498,0,0
email499,1,1
email500,1,1
email501,1,1
email502,0,0
email503,0,0
email504,0,0
email505,1,1
email506,0,0
email507,0,0
email508,1,1
email509,0,0
email510,0,1
email511,1,1
email512,0,0
email513,0,0
email514,0,0
email515,0,0
email516,1,1
email517,0,0
email518,0,0
email519,1,1
email520,0,0
email521,0,0
email522,0,0
email523,1,1
email524,0,0
email525,0,0
email526,0,0
email527,0,0
email528,0,0
email529,0,0
email530,0,0
email531,0,0
email532,1,1
email533,0,0
email534,1,1
email535,1,0
email536,0,0
email537,0,0
email538,1,1
email539,1,1
email540,0,0
email541,0,0
email542,1,1
email543,1,1
email544,0,0
email545,0,0
email546,0,0
email547,1,1
email548,0,0
email549,0,0
email550,0,0
email551,1,1
email552,0,0
email553,0,0
email554,1,0
email555,1,1
email556,0,0
email557,0,0
email558,0,0
email559,0,0
email560,0,0
email561,0,0
email562,0,0
email563,1,1
email564,0,0
email565,0,0
email566,1,1
email567,0,0
email568,0,0
email569,1,1
email570,0,0
email571,1,1
email572,0,0
email573,0,0
email574,0,1
email575,0,0
email576,0,0
email577,0,0
email578,1,1
email579,1,1
email580,1,1
email581,0,0
email582,0,0
email583,0,0
email584,0,0
email585,1,1
email586,0,0
email587,1,0
email588,0,0
email589,1,0
email590,0,0
email591,1,1
email592,0,0
email593,0,0
email594,1,1
email595,1,1
email596,0,0
email597,0,0
email598,1,1
email599,0,0
email600,0,1
email601,0,0
email602,0,0
email603,1,0
email604,0,0
email605,0,0
email606,0,0
email607,0,0
email608,0,0
email609,1,1
email610,0,0
email611,1,1
email612,0,0
email613,0,0
email614,1,1
email615,0,0
email616,1,1
email617,0,0
email618,0,0
email619,1,1
email620,0,0
email621,0,0
email622,0,0
email623,0,0
email624,0,0
email625,0,0
email626,0,0
email627,0,0
email628,1,1
email629,0,0
email630,0,0
email631,0,0
email632,0,0
email633,0,0
email634,0,0
email635,0,0
email636,0,0
email637,0,0
email638,0,0
email639,0,0
email640,0,0
email641,0,0
email642,0,0
email643,0,0
email644,0,0
email645,0,0
email646,0,0
email647,0,0
email648,0,0
email649,0,0
email650,0,0
email651,1,1
email652,0,0
email653,0,1
email654,1,1
email655,1,1
email656,0,0
email657,1,1
email658,0,0
email659,0,0
email660,0,0
email661,1,1
email662,0,0
email663,0,0
email664,0,0
email665,0,0
email666,1,1
email667,0,0
email668,0,1
email669,0,0
email670,0,0
email671,0,0
email672,0,0
email673,0,0
email674,0,0
email675,1,1
email676,1,1
email677,1,1
email678,0,0
email679,0,0
email680,0,0
email681,0,0
email682,1,1
email683,0,0
email684,0,0
email685,0,0
email686,0,0
email687,0,0
email688,1,1
email689,1,1
email690,0,0
email691,0,0
email692,0,0
email693,1,1
email694,0,0
email695,1,1
email696,0,0
email697,0,0
email698,0,1
email699,0,0
email700,0,0
email701,0,0
email702,0,0
email703,1,1
email704,0,0
email705,0,0
email706,0,0
email707,0,1
email708,0,0
email709,0,0
email710,0,0
email711,0,0
email712,1,1
email713,0,0
email714,0,0
email715,1,1
email716,0,0
email717,1,1
email718,0,0
email719,0,0
email720,0,0
email721,1,1
email722,0,0
email723,1,1
email724,0,0
email725,0,0
email726,1,1
email727,1,1
email728,0,0
email729,0,0
email730,1,1
email731,0,0
email732,1,1
email733,0,0
email734,0,0
email735,0,0
email736,0,0
email737,0,0
email738,0,0
email739,0,0
email740,0,0
email741,0,0
email742,0,0
email743,0,0
email744,0,0
email745,0,0
email746,1,1
email747,0,0
email748,0,0
email749,0,0
email750,0,0
email751,1,1
email752,1,1
email753,0,0
email754,0,0
email755,1,1
email756,0,0
email757,1,1
email758,0,0
email759,0,0
email760,1,1
email761,1,1
email762,0,0
email763,0,0
email764,0,0
email765,1,1
email766,0,0
email767,1,1
email768,0,0
email769,1,1
email770,0,1
email771,0,0
email772,1,1
email773,0,0
email774,0,0
email775,0,0
email776,0,0
email777,0,0
email778,0,0
email779,1,1
email780,1,1
email781,1,0
email782,0,0
email783,0,0
email784,0,0
email785,0,0
email786,1,1
email787,0,0
email788,1,0
email789,1,1
email790,1,1
email791,1,1
email792,0,1
email793,1,1
email794,0,0
email795,0,0
email796,0,0
email797,1,1
email798,0,0
email799,0,0
email800,0,0
email801,0,0
email802,0,0
email803,0,0
email804,1,1
email805,1,1
email806,0,0
email807,0,0
email808,0,0
email809,0,0
email810,0,0
email811,0,0
email812,0,0
email813,0,0
email814,0,0
email815,1,1
email816,1,1
email817,0,0
email818,0,0
email819,1,1
email820,1,0
email821,0,0
email822,0,0
email823,0,0
email824,0,0
email825,1,1
email826,1,1
email827,1,1
email828,0,0
email829,0,0
email830,1,1
email831,0,0
email832,0,0
email833,0,0
email834,0,0
email835,1,1
email836,0,0
email837,0,0
email838,0,0
email839,1,1
email840,0,0
email841,0,0
email842,0,0
email843,0,0
email844,1,0
email845,1,0
email846,0,0
email847,1,1
email848,0,1
email849,1,1
email850,0,0
email851,0,0
email852,1,1
email853,0,0
email854,0,0
email855,0,0
email856,1,1
email857,1,1
email858,0,0
email859,0,0
email860,1,1
email861,0,0
email862,0,0
email863,1,1
email864,0,0
email865,0,0
email866,0,0
email867,0,0
email868,1,1
email869,0,0
email870,0,0
email871,0,0
email872,1,0
email873,0,0
email874,1,1
email875,0,0
email876,1,1
email877,0,0
email878,0,0
email879,0,0
email880,1,1
email881,0,0
email882,0,0
email883,0,1
email884,0,0
email885,0,0
email886,0,0
email887,1,0
email888,0,0
email889,0,0
email890,0,0
email891,1,1
email892,1,1
email893,0,0
email894,0,0
email895,0,0
email896,0,0
email897,0,0
email898,0,0
email899,0,0
email900,0,0
email901,0,0
email902,0,0
email903,0,0
email904,1,1
email905,0,0
email906,0,0
email907,0,0
email908,0,0
email909,0,0
email910,0,0
email911,0,0
email912,1,0
email913,0,0
email914,1,1
email915,0,0
email916,0,0
email917,0,0
email918,1,1
email919,0,0
email920,0,0
email921,0,0
email922,0,0
email923,0,0
email924,0,0
email925,0,0
email926,0,0
email927,1,1
email928,0,0
email929,0,0
email930,0,0
email931,1,0
email932,0,0
email933,0,0
email934,1,1
email935,0,0
email936,0,0
email937,0,0
email938,1,1
email939,0,0
email940,0,0
email941,0,0
email942,1,1
email943,0,0
email944,0,0
email945,1,1
email946,0,1
email947,1,0
email948,0,0
email949,0,0
email950,0,0
email951,0,0
email952,0,1
email953,0,0
email954,0,0
email955,0,0
email956,0,0
email957,0,0
email958,1,1
email959,0,0
email960,0,0
email961,0,0
email962,1,1
email963,0,0
email964,1,1
email965,0,0
email966,0,0
email967,1,1
email968,1,1
email969,1,0
email970,0,0
email971,0,0
email972,1,0
email973,1,1
email974,0,0
email975,0,0
email976,1,1
email977,1,1
email978,1,1
email979,0,0
email980,0,0
email981,0,0
email982,0,0
email983,0,0
email984,0,0
email985,1,1
email986,0,0
email987,1,1
email988,0,0
email989,1,1
email990,0,0
email991,0,0
email992,1,1
email993,0,0
email994,0,0
email995,1,1
email996,0,1
email997,0,0
email998,0,0
email999,0,0
email1000,1,1
email1001,0,0
email1002,0,0
email1003,0,0
email1004,0,0
email1005,1,1
email1006,0,0
email1007,1,1
email1008,1,1
email1009,0,0
email1010,0,0
email1011,1,1
email1012,1,1
email1013,1,0
email1014,0,0
email1015,0,0
email1016,0,0
email1017,0,0
email1018,1,1
email1019,1,1
email1020,0,0
email1021,0,0
email1022,1,1
email1023,0,0
email1024,0,0
email1025,1,1
email1026,1,1
email1027,0,1
email1028,0,0
email1029,1,1
email1030,0,0
email1031,0,0
email1032,0,1
email1033,1,1
email1034,0,0
email1035,1,1
email1036,1,1
email1037,0,0
email1038,0,0
email1039,0,0
email1040,0,0
email1041,1,1
email1042,0,0
email1043,0,0
email1044,0,0
email1045,1,0
email1046,0,0
email1047,0,0
email1048,0,1
email1049,0,0
email1050,1,1
email1051,0,0
email1052,1,1
email1053,1,1
email1054,0,0
email1055,0,0
email1056,0,0
email1057,0,0
email1058,1,0
email1059,0,0
email1060,0,0
email1061,0,0
email1062,0,0
email1063,0,1
email1064,0,0
email1065,0,0
email1066,0,0
email1067,0,0
email1068,0,0
email1069,0,0
email1070,1,1
email1071,0,0
email1072,0,0
email1073,0,0
email1074,1,1
email1075,0,0
email1076,0,0
email1077,0,0
email1078,0,0
email1079,0,0
email1080,0,0
email1081,0,0
email1082,0,0
email1083,0,0
email1084,1,0
email1085,0,0
email1086,0,0
email1087,0,0
email1088,0,0
email1089,0,0
email1090,0,0
email1091,0,0
email1092,0,0
email1093,0,0
email1094,0,0
email1095,0,0
email1096,1,1
email1097,1,1
email1098,1,1
email1099,0,0
email1100,0,0
email1101,0,0
email1102,0,0
email1103,1,1
email1104,1,1
email1105,0,0
email1106,0,0
email1107,0,0
email1108,0,0
email1109,0,0
email1110,0,0
email1111,0,0
email1112,1,1
email1113,0,0
email1114,0,0
email1115,0,0
email1116,1,1
email1117,1,1
email1118,1,1
email1119,1,1
email1120,0,0
email1121,0,0
email1122,0,0
email1123,1,1
email1124,0,0
email1125,1,1
email1126,0,0
email1127,0,0
email1128,1,1
email1129,0,0
email1130,0,0
email1131,1,1
email1132,1,1
email1133,0,0
email1134,0,0
email1135,1,1
email1136,0,0
email1137,0,0
email1138,0,0
email1139,0,0
email1140,0,0
email1141,0,0
email1142,0,0
email1143,0,0
email1144,0,0
email1145,0,0
email1146,1,1
email1147,0,0
email1148,1,1
email1149,1,1
email1150,1,1
email1151,0,0
email1152,0,0
email1153,0,0
email1154,0,0
email1155,1,1
email1156,0,0
email1157,0,0
email1158,0,0
email1159,1,1
email1160,0,1
email1161,0,0
email1162,0,0
email1163,1,1
email1164,0,0
email1165,1,1
email1166,0,0
email1167,0,0
email1168,0,0
email1169,0,0
email1170,0,0
email1171,0,0
email1172,1,1
email1173,0,0
email1174,0,0
email1175,1,1
email1176,1,1
email1177,0,0
email1178,1,1
email1179,0,0
email1180,1,1
email1181,0,0
email1182,0,0
email1183,0,0
email1184,0,0
email1185,1,1
email1186,0,0
email1187,0,0
email1188,1,1
email1189,0,0
email1190,1,1
email1191,0,0
email1192,0,0
email1193,0,0
email1194,0,0
email1195,0,0
email1196,0,0
email1197,0,0
email1198,0,0
email1199,0,0
email1200,0,0
email1201,0,0
email1202,0,0
email1203,0,0
email1204,0,0
email1205,0,0
email1206,1,1
email1207,0,0
email1208,0,0
email1209,1,0
email1210,0,0
email1211,1,1
email1212,1,1
email1213,0,0
email1214,0,0
email1215,0,0
email1216,0,0
email1217,0,0
email1218,1,0
email1219,0,1
email1220,0,0
email1221,0,0
email1222,0,0
email1223,0,0
email1224,1,1
email1225,0,0
email1226,0,0
email1227,1,1
email1228,0,0
email1229,1,1
email1230,1,1
email1231,1,1
email1232,1,1
email1233,1,1
email1234,0,0
email1235,1,1
email1236,0,0
email1237,1,1
email1238,0,0
email1239,0,0
email1240,0,0
email1241,0,0
email1242,0,0
email1243,0,0
email1244,0,0
email1245,0,0
email1246,0,0
email1247,0,0
email1248,0,0
email1249,1,1
email1250,0,0
email1251,0,0
email1252,0,0
email1253,0,0
email1254,1,1
email1255,0,0
email1256,0,0
email1257,0,0
email1258,0,0
email1259,0,0
email1260,0,0
email1261,1,1
email1262,0,0
email1263,1,1
email1264,0,0
email1265,0,1
email1266,0,0
email1267,0,0
email1268,0,0
email1269,0,0
email1270,0,0
email1271,0,0
email1272,0,0
email1273,1,1
email1274,0,0
email1275,0,0
email1276,0,0
email1277,1,1
email1278,1,1
email1279,1,1
email1280,1,1
email1281,0,0
email1282,0,0
email1283,0,0
email1284,0,0
email1285,0,0
email1286,1,1
email1287,0,0
email1288,0,0
email1289,0,0
email1290,0,0
email1291,0,0
email1292,0,0
email1293,0,0
email1294,1,1
email1295,0,0
email1296,0,0
email1297,1,1
email1298,1,1
email1299,0,0
email1300,0,0
email1301,0,0
email1302,0,0
email1303,1,1
email1304,0,1
email1305,1,0
email1306,0,0
email1307,0,0
email1308,0,0
email1309,0,0
email1310,0,0
email1311,1,0
email1312,0,0
email1313,0,0
email1314,1,1
email1315,1,1
email1316,1,1
email1317,1,1
email1318,0,0
email1319,0,0
email1320,0,0
email1321,0,0
email1322,0,0
email1323,0,0
email1324,0,0
email1325,0,0
email1326,0,0
email1327,0,0
email1328,0,0
email1329,1,1
email1330,0,0
email1331,0,0
email1332,1,1
email1333,1,1
email1334,0,0
email1335,0,0
email1336,0,0
email1337,1,1
email1338,1,1
email1339,0,0
email1340,1,1
email1341,0,0
email1342,1,1
email1343,0,1
email1344,0,0
email1345,1,1
email1346,0,0
email1347,0,0
email1348,1,1
email1349,0,0
email1350,0,0
email1351,0,0
email1352,1,1
email1353,1,1
email1354,1,1
email1355,0,0
email1356,0,0
email1357,0,0
email1358,0,0
email1359,0,0
email1360,0,1
email1361,0,0
email1362,0,0
email1363,0,0
email1364,0,0
email1365,0,0
email1366,0,0
email1367,0,0
email1368,1,1
email1369,0,0
email1370,1,1
email1371,0,0
email1372,0,0
email1373,1,1
email1374,0,0
email1375,0,0
email1376,0,0
email1377,0,0
email1378,0,0
email1379,1,1
email1380,0,0
email1381,0,0
email1382,0,0
email1383,0,0
email1384,1,1
email1385,0,1
email1386,0,0
email1387,0,0
email1388,0,0
email1389,0,0
email1390,0,0
email1391,0,0
email1392,0,0
email1393,0,0
email1394,0,0
email1395,0,0
email1396,0,0
email1397,0,0
email1398,0,0
email1399,1,1
email1400,0,0
email1401,0,0
email1402,0,0
email1403,1,1
email1404,0,0
email1405,1,1
email1406,0,0
email1407,1,1
email1408,1,1
email1409,0,0
email1410,0,0
email1411,0,0
email1412,1,1
email1413,0,0
email1414,1,1
email1415,0,0
email1416,0,0
email1417,0,0
email1418,0,0
email1419,0,0
email1420,0,0
email1421,0,0
email1422,0,0
email1423,1,1
email1424,1,1
email1425,0,1
email1426,0,0
email1427,0,0
email1428,0,0
email1429,0,0
email1430,0,0
email1431,0,0
email1432,1,1
email1433,0,0
email1434,0,0
email1435,0,0
email1436,0,0
email1437,0,0
email1438,0,0
email1439,0,0
email1440,0,0
email1441,1,1
email1442,1,1
email1443,0,0
email1444,0,0
email1445,0,0
email1446,0,0
email1447,0,0
email1448,0,0
email1449,0,0
email1450,0,0
email1451,1,0
email1452,0,0
email1453,1,1
email1454,0,0
email1455,0,0
email1456,1,0
email1457,0,0
email1458,1,1
email1459,1,1
email1460,1,1
email1461,0,0
email1462,1,1
email1463,0,0
email1464,1,0
email1465,0,0
email1466,0,0
email1467,1,1
email1468,0,0
email1469,0,0
email1470,0,0
email1471,1,1
email1472,0,0
email1473,0,0
email1474,1,1
email1475,0,0
email1476,1,1
email1477,0,0
email1478,0,0
email1479,0,0
email1480,0,0
email1481,0,0
email1482,1,1
email1483,1,1
email1484,0,0
email1485,0,0
email1486,0,0
email1487,0,0
email1488,1,1
email1489,0,0
email1490,0,0
email1491,0,0
email1492,0,0
email1493,0,0
email1494,0,0
email1495,0,0
email1496,0,1
email1497,0,0
email1498,0,0
email1499,0,0
email1500,0,0
email1501,1,1
email1502,1,1
email1503,0,0
email1504,0,0
email1505,0,0
email1506,0,0
email1507,0,0
email1508,0,0
email1509,1,1
email1510,1,1
email1511,0,0
email1512,0,0
email1513,0,0
email1514,0,0
email1515,1,1
email1516,0,0
email1517,0,0
email1518,1,1
email1519,0,0
email1520,0,0
email1521,0,0
email1522,0,0
email1523,1,1
email1524,1,1
email1525,0,1
email1526,1,1
email1527,0,0
email1528,0,0
email1529,0,0
email1530,0,0
email1531,0,0
email1532,0,0
email1533,0,0
email1534,0,0
email1535,0,0
email1536,1,1
email1537,0,0
email1538,1,1
email1539,0,0
email1540,0,0
email1541,0,0
email1542,1,0
email1543,0,0
email1544,0,0
email1545,0,0
email1546,0,0
email1547,1,1
email1548,0,0
email1549,0,0
email1550,1,0
email1551,1,1
email1552,0,0
email1553,0,0
email1554,0,1
email1555,1,1
email1556,1,1
email1557,0,0
email1558,0,0
email1559,0,0
email1560,0,0
email1561,0,0
email1562,0,0
email1563,0,0
email1564,0,0
email1565,1,1
email1566,0,0
email1567,0,0
email1568,0,0
email1569,1,1
email1570,0,0
email1571,1,1
email1572,1,0
email1573,0,0
email1574,1,1
email1575,0,0
email1576,0,0
email1577,1,1
email1578,0,0
email1579,0,0
email1580,1,1
email1581,0,0
email1582,1,1
email1583,0,0
email1584,0,1
email1585,0,0
email1586,0,0
email1587,0,0
email1588,1,1
email1589,0,0
email1590,1,1
email1591,0,0
email1592,0,0
email1593,0,0
email1594,0,0
email1595,1,1
email1596,0,0
email1597,1,1
email1598,0,0
email1599,0,0
email1600,1,1
email1601,0,0
email1602,0,0
email1603,0,0
email1604,0,0
email1605,0,0
email1606,1,1
email1607,0,0
email1608,0,0
email1609,0,0
email1610,0,0
email1611,0,0
email1612,0,0
email1613,0,0
email1614,1,1
email1615,0,0
email1616,0,0
email1617,0,0
email1618,0,0
email1619,0,0
email1620,0,0
email1621,1,1
email1622,0,0
email1623,0,0
email1624,1,1
email1625,0,0
email1626,1,1
email1627,1,1
email1628,0,0
email1629,0,0
email1630,1,1
email1631,1,1
email1632,0,0
email1633,0,0
email1634,0,0
email1635,0,0
email1636,0,0
email1637,1,1
email1638,0,1
email1639,1,1
email1640,0,0
email1641,0,0
email1642,0,0
email1643,0,0
email1644,0,0
email1645,0,0
email1646,1,1
email1647,0,0
email1648,1,1
email1649,0,0
email1650,0,0
email1651,0,0
email1652,0,0
email1653,0,0
email1654,1,1
email1655,0,0
email1656,0,0
email1657,1,1
email1658,0,1
email1659,0,0
email1660,0,0
email1661,0,0
email1662,1,1
email1663,1,1
email1664,0,1
email1665,0,0
email1666,0,0
email1667,1,1
email1668,0,0
email1669,1,1
email1670,0,0
email1671,0,0
email1672,0,0
email1673,1,1
email1674,0,0
email1675,0,0
email1676,1,1
email1677,0,0
email1678,0,0
email1679,0,0
email1680,0,0
email1681,0,0
email1682,0,0
email1683,0,0
email1684,1,1
email1685,0,0
email1686,0,0
email1687,0,0
email1688,0,0
email1689,1,1
email1690,0,0
email1691,0,0
email1692,0,0
email1693,0,0
email1694,0,0
email1695,0,0
email1696,0,0
email1697,1,1
email1698,0,0
email1699,1,0
email1700,1,1
email1701,0,0
email1702,0,0
email1703,0,0
email1704,0,0
email1705,0,0
email1706,0,0
email1707,0,0
email1708,1,1
email1709,0,0
email1710,0,0
email1711,0,0
email1712,0,0
email1713,1,1
email1714,0,0
email1715,1,1
email1716,1,1
email1717,0,0
email1718,0,0
email1719,0,0
email1720,1,1
email1721,0,0
email1722,0,1
email1723,0,0
email1724,0,0
email1725,0,0
email1726,0,0
email1727,0,0
email1728,1,1
email1729,0,0
email1730,0,0
email1731,0,0
email1732,1,1
email1733,0,0
email1734,1,1
email1735,0,0
email1736,0,0
email1737,0,0
email1738,0,0
email1739,0,0
email1740,0,0
email1741,1,1
email1742,0,0
email1743,0,0
email1744,0,0
email1745,0,0
email1746,1,1
email1747,0,0
email1748,0,0
email1749,1,1
email1750,1,1
email1751,1,1
email1752,1,1
email1753,0,0
email1754,0,0
email1755,0,0
email1756,0,0
email1757,1,0
email1758,0,0
email1759,0,0
email1760,1,1
email1761,0,0
email1762,1,1
email1763,0,0
email1764,1,1
email1765,0,0
email1766,0,0
email1767,0,0
email1768,0,0
email1769,0,0
email1770,0,0
email1771,1,1
email1772,0,0
email1773,0,0
email1774,0,0
email1775,1,1
email1776,0,0
email1777,0,0
email1778,0,1
email1779,0,0
email1780,0,0
email1781,0,0
email1782,1,1
email1783,0,0
email1784,0,0
email1785,1,0
email1786,0,0
email1787,1,0
email1788,0,0
email1789,0,0
email1790,0,0
email1791,0,0
email1792,0,0
email1793,0,0
email1794,0,0
email1795,0,0
email1796,0,0
email1797,0,0
email1798,0,0
email1799,0,0
email1800,0,0
email1801,0,0
email1802,0,0
email1803,0,0
email1804,0,0
email1805,1,1
email1806,0,0
email1807,0,1
email1808,1,1
email1809,1,1
email1810,0,0
email1811,0,0
email1812,0,0
email1813,1,1
email1814,0,0
email1815,1,1
email1816,1,1
email1817,0,0
email1818,1,1
email1819,0,0
email1820,0,0
email1821,0,0
email1822,0,0
email1823,0,1
email1824,0,0
email1825,1,1
email1826,0,0
email1827,1,1
email1828,0,0
email1829,0,0
email1830,0,1
email1831,1,1
email1832,0,0
email1833,0,0
email1834,0,0
email1835,1,1
email1836,0,0
email1837,1,1
email1838,1,1
email1839,0,0
email1840,1,0
email1841,0,0
email1842,1,1
email1843,1,1
email1844,1,1
email1845,1,1
email1846,1,1
email1847,0,0
email1848,0,0
email1849,1,1
email1850,0,1
email1851,1,1
email1852,0,0
email1853,0,0
email1854,0,0
email1855,0,1
email1856,0,0
email1857,0,0
email1858,1,1
email1859,0,0
email1860,0,0
email1861,1,1
email1862,1,1
email1863,0,0
email1864,0,0
email1865,1,1
email1866,0,0
email1867,1,1
email1868,0,0
email1869,1,1
email1870,0,1
email1871,0,0
email1872,0,0
email1873,0,0
email1874,0,0
email1875,0,0
email1876,1,0
email1877,0,0
email1878,1,1
email1879,0,0
email1880,0,0
email1881,0,0
email1882,1,1
email1883,1,1
email1884,0,0
email1885,0,0
email1886,0,0
email1887,0,0
email1888,0,1
email1889,0,0
email1890,0,0
email1891,0,0
email1892,1,1
email1893,1,1
email1894,0,0
email1895,0,0
email1896,0,1
email1897,1,1
email1898,0,0
email1899,0,0
email1900,1,1
email1901,1,0
email1902,0,0
email1903,1,1
email1904,0,0
email1905,0,0
email1906,1,1
email1907,1,1
email1908,1,1
email1909,0,0
email1910,1,1
email1911,1,1
email1912,0,0
email1913,0,0
email1914,0,0
email1915,0,0
email1916,0,0
email1917,1,1
email1918,0,0
email1919,0,0
email1920,0,1
email1921,0,0
email1922,0,0
email1923,0,0
email1924,0,0
email1925,0,0
email1926,0,0
email1927,0,0
email1928,0,0
email1929,0,0
email1930,0,0
email1931,0,0
email1932,0,0
email1933,0,0
email1934,1,0
email1935,0,0
email1936,1,0
email1937,0,0
email1938,0,0
email1939,0,0
email1940,0,0
email1941,1,1
email1942,0,0
email1943,0,0
email1944,0,0
email1945,0,0
email1946,0,0
email1947,1,1
email1948,0,0
email1949,0,0
email1950,0,0
email1951,0,0
email1952,0,0
email1953,0,0
email1954,0,0
email1955,0,0
email1956,1,1
email1957,1,1
email1958,0,0
email1959,0,0
email1960,0,0
email1961,1,1
email1962,0,0
email1963,0,0
email1964,0,0
email1965,0,0
email1966,1,1
email1967,0,0
email1968,0,0
email1969,1,1
email1970,1,1
email1971,0,0
email1972,0,0
email1973,0,0
email1974,0,0
email1975,0,0
email1976,1,1
email1977,0,0
email1978,0,0
email1979,0,0
email1980,0,0
email1981,0,0
email1982,0,0
email1983,0,0
email1984,1,0
email1985,0,0
email1986,0,0
email1987,1,1
email1988,1,1
email1989,1,0
email1990,0,0
email1991,0,0
email1992,0,0
email1993,1,1
email1994,0,0
email1995,0,0
email1996,0,0
email1997,0,0
email1998,1,1
email1999,0,0
email2000,0,0
email2001,0,0
email2002,0,0
email2003,0,0
email2004,0,0
email2005,0,0
email2006,0,0
email2007,0,0
email2008,0,0
email2009,0,1
email2010,1,1
email2011,0,0
email2012,1,1
email2013,0,0
email2014,0,0
email2015,0,0
email2016,0,0
email2017,0,0
email2018,0,0
email2019,0,0
email2020,0,0
email2021,1,1
email2022,0,0
email2023,0,0
email2024,0,0
email2025,0,0
email2026,0,0
email2027,0,0
email2028,0,0
email2029,0,0
email2030,0,0
email2031,0,0
email2032,0,0
email2033,0,0
email2034,0,0
email2035,0,1
email2036,0,1
email2037,0,0
email2038,0,0
email2039,0,0
email2040,0,0
email2041,0,0
email2042,1,1
email2043,1,1
email2044,0,0
email2045,1,1
email2046,0,0
email2047,0,0
email2048,0,0
email2049,0,0
email2050,0,0
email2051,0,0
email2052,1,1
email2053,0,0
email2054,0,0
email2055,0,0
email2056,0,0
email2057,1,1
email2058,1,1
email2059,0,0
email2060,0,0
email2061,0,0
email2062,0,0
email2063,0,0
email2064,0,0
email2065,0,0
email2066,1,1
email2067,0,0
email2068,1,1
email2069,1,1
email2070,0,0
email2071,1,0
email2072,0,0
email2073,1,1
email2074,0,0
email2075,0,0
email2076,0,0
email2077,0,0
email2078,0,0
email2079,1,1
email2080,0,0
email2081,0,0
email2082,0,0
email2083,1,1
email2084,0,0
email2085,0,0
email2086,1,1
email2087,0,0
email2088,1,1
email2089,0,1
email2090,0,0
email2091,0,0
email2092,1,1
email2093,0,0
email2094,0,0
email2095,0,0
email2096,1,1
email2097,1,1
email2098,1,1
email2099,0,0
email2100,0,0
email2101,0,0
email2102,0,0
email2103,0,0
email2104,0,0
email2105,0,0
email2106,0,0
email2107,0,0
email2108,1,1
email2109,0,0
email2110,0,0
email2111,0,0
email2112,1,0
email2113,0,0
email2114,0,0
email2115,0,1
email2116,0,0
email2117,0,0
email2118,0,1
email2119,0,0
email2120,0,0
email2121,0,1
email2122,0,0
email2123,1,1
email2124,0,0
email2125,0,0
email2126,0,0
email2127,1,0
email2128,0,0
email2129,1,1
email2130,1,1
email2131,0,0
email2132,1,1
email2133,0,0
email2134,0,0
email2135,0,0
email2136,1,1
email2137,0,0
email2138,0,0
email2139,1,1
email2140,1,1
email2141,1,1
email2142,0,0
email2143,0,0
email2144,1,1
email2145,1,1
email2146,0,0
email2147,1,1
email2148,0,0
email2149,0,0
email2150,1,1
email2151,0,0
email2152,1,1
email2153,0,0
email2154,0,0
email2155,0,0
email2156,0,0
email2157,1,0
email2158,0,0
email2159,0,0
email2160,1,1
email2161,0,0
email2162,1,1
email2163,0,0
email2164,0,0
email2165,0,0
email2166,0,1
email2167,1,1
email2168,0,0
email2169,0,0
email2170,0,0
email2171,0,0
email2172,0,0
email2173,0,0
email2174,0,0
email2175,0,0
email2176,0,0
email2177,0,0
email2178,1,1
email2179,0,0
email2180,0,0
email2181,0,0
email2182,0,0
email2183,0,0
email2184,0,0
email2185,1,1
email2186,1,1
email2187,0,0
email2188,0,0
email2189,0,0
email2190,0,0
email2191,1,1
email2192,0,1
email2193,0,0
email2194,0,0
email2195,0,0
email2196,0,0
email2197,0,0
email2198,0,0
email2199,0,0
email2200,0,0
email2201,1,1
email2202,0,0
email2203,0,0
email2204,0,0
email2205,1,1
email2206,1,1
email2207,0,0
email2208,0,0
email2209,0,0
email2210,0,0
email2211,1,1
email2212,0,0
email2213,0,0
email2214,1,1
email2215,0,0
email2216,0,0
email2217,0,0
email2218,0,0
email2219,0,0
email2220,0,0
email2221,1,1
email2222,0,0
email2223,0,0
email2224,0,0
email2225,1,1
email2226,0,0
email2227,0,0
email2228,0,0
email2229,0,0
email2230,0,1
email2231,1,1
email2232,0,0
email2233,0,0
email2234,1,1
email2235,0,0
email2236,0,0
email2237,0,0
email2238,0,0
email2239,0,0
email2240,1,1
email2241,0,0
email2242,0,0
email2243,0,1
email2244,1,1
email2245,0,0
email2246,0,0
email2247,1,1
email2248,1,0
email2249,1,1
email2250,1,1
email2251,0,0
email2252,1,1
email2253,0,0
email2254,0,0
email2255,0,0
email2256,0,0
email2257,0,0
email2258,0,0
email2259,0,0
email2260,0,0
email2261,0,0
email2262,0,0
email2263,1,1
email2264,0,0
email2265,0,0
email2266,0,0
email2267,0,0
email2268,0,0
email2269,1,1
email2270,0,0
email2271,0,0
email2272,0,0
email2273,1,1
email2274,0,0
email2275,0,0
email2276,1,1
email2277,0,0
email2278,0,0
email2279,0,0
email2280,1,1
email2281,0,0
email2282,0,0
email2283,0,0
email2284,0,0
email2285,0,0
email2286,0,0
email2287,0,0
email2288,0,0
email2289,0,0
email2290,0,0
email2291,0,0
email2292,1,1
email2293,1,1
email2294,0,0
email2295,1,1
email2296,0,0
email2297,1,0
email2298,0,0
email2299,0,0
email2300,0,0
email2301,0,0
email2302,0,0
email2303,1,1
email2304,0,0
email2305,0,0
email2306,0,0
email2307,0,0
email2308,0,0
email2309,0,1
email2310,1,1
email2311,0,0
email2312,1,1
email2313,0,0
email2314,0,0
email2315,0,0
email2316,0,0
email2317,0,0
email2318,1,1
email2319,0,0
email2320,1,1
email2321,0,0
email2322,0,0
email2323,0,0
email2324,1,1
email2325,0,0
email2326,0,0
email2327,0,1
email2328,0,0
email2329,0,0
email2330,0,0
email2331,0,1
email2332,0,0
email2333,1,1
email2334,0,1
email2335,1,1
email2336,0,0
email2337,1,1
email2338,0,0
email2339,1,1
email2340,0,0
email2341,0,0
email2342,0,0
email2343,0,0
email2344,0,0
email2345,1,1
email2346,0,0
email2347,1,0
email2348,0,0
email2349,1,1
email2350,1,1
email2351,1,1
email2352,0,0
email2353,1,1
email2354,0,0
email2355,1,1
email2356,0,0
email2357,1,1
email2358,0,0
email2359,0,0
email2360,0,0
email2361,1,1
email2362,0,0
email2363,0,0
email2364,0,0
email2365,0,0
email2366,1,1
email2367,0,0
email2368,0,0
email2369,1,1
email2370,0,0
email2371,1,1
email2372,1,1
email2373,0,0
email2374,0,0
email2375,0,1
email2376,1,1
email2377,0,0
email2378,1,1
email2379,1,1
email2380,0,0
email2381,1,1
email2382,0,1
email2383,1,1
email2384,1,1
email2385,0,0
email2386,0,0
email2387,0,0
email2388,0,0
email2389,0,0
email2390,0,0
email2391,1,1
email2392,1,1
email2393,1,1
email2394,0,0
email2395,0,0
email2396,0,0
email2397,0,0
email2398,0,0
email2399,0,0
email2400,1,1
email2401,0,0
email2402,0,0
email2403,0,0
email2404,1,0
email2405,0,0
email2406,0,0
email2407,0,0
email2408,0,0
email2409,1,1
email2410,0,0
email2411,0,0
email2412,0,0
email2413,0,0
email2414,0,0
email2415,0,0
email2416,0,0
email2417,0,0
email2418,0,0
email2419,1,1
email2420,0,0
email2421,0,0
email2422,0,0
email2423,0,0
email2424,1,1
email2425,1,1
email2426,0,0
email2427,0,0
email2428,0,0
email2429,0,0
email2430,0,0
email2431,0,0
email2432,1,1
email2433,0,0
email2434,0,0
email2435,0,0
email2436,0,0
email2437,1,1
email2438,0,0
email2439,0,0
email2440,0,0
email2441,0,0
email2442,0,0
email2443,0,0
email2444,1,1
email2445,0,0
email2446,1,1
email2447,1,1
email2448,0,0
email2449,0,0
email2450,1,1
email2451,0,0
email2452,0,0
email2453,0,0
email2454,0,0
email2455,0,0
email2456,0,0
email2457,0,0
email2458,0,0
email2459,0,0
email2460,0,0
email2461,0,0
email2462,1,0
email2463,0,0
email2464,0,0
email2465,0,0
email2466,0,0
email2467,0,1
email2468,0,0
email2469,1,1
email2470,0,0
email2471,0,0
email2472,1,1
email2473,1,1
email2474,0,1
email2475,0,0
email2476,1,1
email2477,0,0
email2478,0,0
email2479,0,0
email2480,0,0
email2481,1,0
email2482,1,1
email2483,0,0
email2484,1,1
email2485,0,0
email2486,1,1
email2487,0,0
email2488,0,0
email2489,0,0
email2490,0,0
email2491,0,0
email2492,0,0
email2493,1,1
email2494,1,1
email2495,0,0
email2496,0,0
email2497,0,0
email2498,0,0
email2499,1,1
email2500,0,0
email2501,0,0
email2502,1,1
email2503,0,0
email2504,0,0
email2505,0,0
email2506,0,0
email2507,1,1
email2508,1,1
email2509,0,0
email2510,0,0
email2511,0,0
email2512,0,0
email2513,1,1
email2514,0,0
email2515,1,1
email2516,1,1
email2517,0,0
email2518,0,1
email2519,0,0
email2520,0,0
email2521,0,0
email2522,0,0
email2523,1,1
email2524,0,0
email2525,1,1
email2526,0,1
email2527,0,0
email2528,1,1
email2529,0,0
email2530,0,0
email2531,0,0
email2532,0,0
email2533,0,0
email2534,0,0
email2535,1,1
email2536,0,0
email2537,0,0
email2538,0,0
email2539,1,1
email2540,0,0
email2541,0,0
email2542,1,1
email2543,0,0
email2544,0,0
email2545,0,0
email2546,1,1
email2547,1,1
email2548,0,0
email2549,0,0
email2550,0,0
email2551,1,1
email2552,1,1
email2553,0,0
email2554,1,1
email2555,0,0
email2556,0,0
email2557,0,0
email2558,1,1
email2559,0,0
email2560,0,0
email2561,0,0
email2562,0,0
email2563,0,0
email2564,1,1
email2565,0,0
email2566,0,0
email2567,0,0
email2568,0,0
email2569,1,1
email2570,1,1
email2571,1,1
email2572,1,1
email2573,0,0
email2574,0,0
email2575,0,0
email2576,0,0
email2577,0,0
email2578,1,1
email2579,0,0
email2580,0,0
email2581,0,0
email2582,1,1
email2583,0,0
email2584,1,1
email2585,0,0
email2586,1,1
email2587,0,0
email2588,1,1
email2589,0,0
email2590,0,0
email2591,0,0
email2592,0,0
email2593,0,0
email2594,0,0
email2595,0,0
email2596,0,0
email2597,0,0
email2598,1,1
email2599,0,0
email2600,1,0
email2601,1,1
email2602,1,1
email2603,0,0
email2604,1,0
email2605,0,0
email2606,1,1
email2607,0,0
email2608,0,0
email2609,0,0
email2610,1,1
email2611,0,0
email2612,1,1
email2613,0,0
email2614,0,0
email2615,0,0
email2616,0,0
email2617,0,0
email2618,0,0
email2619,0,0
email2620,0,0
email2621,0,0
email2622,0,0
email2623,0,0
email2624,0,0
email2625,1,1
email2626,0,0
email2627,0,0
email2628,0,0
email2629,0,0
email2630,0,0
email2631,0,0
email2632,0,0
email2633,0,0
email2634,1,0
email2635,1,1
email2636,0,0
email2637,0,1
email2638,0,0
email2639,1,1
email2640,0,0
email2641,1,1
email2642,0,0
email2643,0,0
email2644,0,0
email2645,0,0
email2646,1,0
email2647,0,0
email2648,1,1
email2649,0,0
email2650,0,0
email2651,0,0
email2652,0,0
email2653,1,1
email2654,0,0
email2655,0,0
email2656,0,0
email2657,1,1
email2658,0,0
email2659,0,0
email2660,0,0
email2661,1,1
email2662,1,1
email2663,1,1
email2664,0,0
email2665,0,0
email2666,1,1
email2667,0,1
email2668,0,0
email2669,1,1
email2670,1,1
email2671,1,1
email2672,0,0
email2673,0,0
email2674,0,0
email2675,1,1
email2676,0,0
email2677,0,0
email2678,0,0
email2679,0,0
email2680,1,1
email2681,1,1
email2682,0,0
email2683,1,0
email2684,1,1
email2685,0,0
email2686,1,1
email2687,0,0
email2688,1,1
email2689,0,0
email2690,0,0
email2691,0,0
email2692,0,0
email2693,0,0
email2694,0,1
email2695,0,0
email2696,1,1
email2697,0,1
email2698,0,0
email2699,0,0
email2700,1,1
email2701,0,0
email2702,0,0
email2703,1,1
email2704,1,1
email2705,0,0
email2706,0,0
email2707,1,0
email2708,0,0
email2709,0,0
email2710,1,1
email2711,0,0
email2712,0,0
email2713,0,0
email2714,0,0
email2715,0,0
email2716,1,1
email2717,0,0
email2718,1,1
email2719,1,1
email2720,1,1
email2721,1,1
email2722,0,0
email2723,0,0
email2724,1,1
email2725,1,1
email2726,0,0
email2727,1,1
email2728,0,0
email2729,0,0
email2730,1,0
email2731,0,0
email2732,0,0
email2733,0,0
email2734,0,0
email2735,0,0
email2736,1,1
email2737,1,1
email2738,1,1
email2739,1,1
email2740,1,1
email2741,0,0
email2742,1,1
email2743,1,1
email2744,0,0
email2745,1,0
email2746,0,0
email2747,1,1
email2748,1,1
email2749,1,1
email2750,0,0
email2751,0,0
email2752,0,0
email2753,1,1
email2754,1,0
email2755,0,0
email2756,0,0
email2757,0,0
email2758,0,0
email2759,0,0
email2760,0,0
email2761,1,0
email2762,0,0
email2763,1,0
email2764,1,1
email2765,0,1
email2766,0,0
email2767,0,0
email2768,0,0
email2769,0,1
email2770,1,1
email2771,1,1
email2772,0,0
email2773,0,0
email2774,0,0
email2775,0,0
email2776,0,0
email2777,0,0
email2778,0,0
email2779,0,0
email2780,0,0
email2781,0,0
email2782,1,1
email2783,0,0
email2784,0,0
email2785,0,0
email2786,0,0
email2787,0,0
email2788,1,1
email2789,0,0
email2790,1,1
email2791,0,0
email2792,0,0
email2793,1,1
email2794,1,1
email2795,1,1
email2796,1,1
email2797,0,0
email2798,0,0
email2799,0,0
email2800,0,0
email2801,1,1
email2802,0,0
email2803,0,0
email2804,0,0
email2805,1,1
email2806,0,0
email2807,0,0
email2808,0,0
email2809,0,0
email2810,0,0
email2811,0,0
email2812,0,0
email2813,0,0
email2814,0,0
email2815,1,1
email2816,0,1
email2817,0,0
email2818,0,0
email2819,0,0
email2820,1,1
email2821,0,0
email2822,0,0
email2823,0,0
email2824,1,1
email2825,0,0
email2826,0,0
email2827,1,1
email2828,0,0
email2829,0,0
email2830,1,1
email2831,0,0
email2832,0,0
email2833,1,1
email2834,0,0
email2835,0,0
email2836,0,0
email2837,0,0
email2838,1,1
email2839,0,1
email2840,0,0
email2841,0,0
email2842,0,1
email2843,0,0
email2844,0,0
email2845,1,1
email2846,0,0
email2847,0,0
email2848,1,1
email2849,0,0
email2850,0,0
email2851,1,1
email2852,0,0
email2853,1,1
email2854,0,0
email2855,0,0
email2856,0,0
email2857,0,0
email2858,0,0
email2859,0,0
email2860,0,0
email2861,0,1
email2862,0,0
email2863,0,0
email2864,0,0
email2865,0,0
email2866,0,0
email2867,0,0
email2868,1,1
email2869,0,0
email2870,0,0
email2871,0,0
email2872,0,0
email2873,1,1
email2874,1,1
email2875,0,0
email2876,0,0
email2877,1,1
email2878,0,0
email2879,0,0
email2880,0,0
email2881,0,0
email2882,1,1
email2883,0,0
email2884,1,0
email2885,0,0
email2886,0,0
email2887,0,0
email2888,1,1
email2889,0,0
email2890,1,0
email2891,0,0
email2892,1,1
email2893,0,0
email2894,0,0
email2895,0,0
email2896,0,1
email2897,1,1
email2898,1,1
email2899,0,0
email2900,0,0
email2901,0,0
email2902,0,0
email2903,0,0
email2904,1,1
email2905,0,0
email2906,0,0
email2907,1,1
email2908,0,0
email2909,0,0
email2910,0,0
email2911,0,0
email2912,0,0
email2913,0,0
email2914,0,0
email2915,1,1
email2916,0,0
email2917,0,0
email2918,0,0
email2919,0,1
email2920,0,0
email2921,0,0
email2922,0,0
email2923,0,0
email2924,1,1
email2925,0,0
email2926,0,0
email2927,0,0
email2928,0,0
email2929,0,0
email2930,0,0
email2931,0,0
email2932,1,1
email2933,0,0
email2934,1,1
email2935,0,0
email2936,0,0
email2937,0,0
email2938,0,0
email2939,0,0
email2940,0,0
email2941,0,0
email2942,0,0
email2943,0,0
email2944,0,0
email2945,0,0
email2946,0,0
email2947,0,0
email2948,0,0
email2949,0,0
email2950,0,0
email2951,0,0
email2952,0,0
email2953,0,0
email2954,0,0
email2955,0,0
email2956,0,0
email2957,1,1
email2958,0,0
email2959,0,0
email2960,0,0
email2961,0,0
email2962,1,1
email2963,0,0
email2964,0,0
email2965,1,1
email2966,0,0
email2967,0,0
email2968,0,1
email2969,0,0
email2970,1,1
email2971,0,0
email2972,0,0
email2973,0,0
email2974,0,0
email2975,0,0
email2976,0,0
email2977,0,0
email2978,0,0
email2979,0,0
email2980,0,0
email2981,0,0
email2982,0,0
email2983,1,1
email2984,1,1
email2985,0,0
email2986,0,0
email2987,0,0
email2988,0,0
email2989,0,0
email2990,0,0
email2991,0,0
email2992,1,1
email2993,0,0
email2994,1,1
email2995,0,0
email2996,0,0
email2997,0,0
email2998,1,1
email2999,0,0
email3000,0,0
email3001,0,0
email3002,0,0
email3003,1,1
email3004,0,0
email3005,0,0
email3006,0,0
email3007,1,1
email3008,0,0
email3009,1,1
email3010,0,0
email3011,0,0
email3012,0,0
email3013,0,0
email3014,1,0
email3015,0,0
email3016,0,1
email3017,0,0
email3018,1,1
email3019,0,0
email3020,0,0
email3021,0,0
email3022,0,0
email3023,1,1
email3024,0,0
email3025,0,0
email3026,1,1
email3027,0,0
email3028,0,0
email3029,0,0
email3030,1,1
email3031,0,0
email3032,0,0
email3033,1,1
email3034,1,1
email3035,0,0
email3036,1,1
email3037,1,1
email3038,0,0
email3039,1,1
email3040,0,0
email3041,1,1
email3042,0,0
email3043,0,0
email3044,0,0
email3045,0,0
email3046,0,0
email3047,0,0
email3048,0,0
email3049,0,0
email3050,1,1
email3051,0,0
email3052,1,1
email3053,0,0
email3054,0,0
email3055,0,0
email3056,0,0
email3057,0,0
email3058,0,1
email3059,0,1
email3060,0,0
email3061,1,0
email3062,0,0
email3063,0,1
email3064,0,0
email3065,0,0
email3066,0,0
email3067,1,1
email3068,0,0
email3069,0,0
email3070,0,0
email3071,1,1
email3072,0,0
email3073,0,0
email3074,1,1
email3075,0,0
email3076,0,0
email3077,1,1
email3078,0,0
email3079,0,0
email3080,0,0
email3081,0,0
email3082,0,0
email3083,0,0
email3084,0,0
email3085,1,1
email3086,0,0
email3087,0,0
email3088,0,0
email3089,1,1
email3090,0,0
email3091,0,0
email3092,0,0
email3093,1,1
email3094,1,1
email3095,0,0
email3096,0,0
email3097,0,0
email3098,0,0
email3099,0,0
email3100,0,0
email3101,0,0
email3102,0,0
email3103,0,0
email3104,0,0
email3105,0,0
email3106,0,0
email3107,1,1
email3108,0,0
email3109,1,0
email3110,0,0
email3111,0,0
email3112,0,0
email3113,0,0
email3114,1,1
email3115,1,0
email3116,0,0
email3117,0,0
email3118,0,0
email3119,0,0
email3120,1,1
email3121,0,0
email3122,0,0
email3123,1,1
email3124,0,0
email3125,0,0
email3126,0,0
email3127,0,0
email3128,0,0
email3129,1,1
email3130,0,0
email3131,0,0
email3132,0,0
email3133,0,0
email3134,1,0
email3135,0,0
email3136,1,1
email3137,0,0
email3138,0,0
email3139,1,1
email3140,0,0
email3141,0,0
email3142,0,0
email3143,0,0
email3144,0,0
email3145,1,1
email3146,1,1
email3147,0,0
email3148,0,0
email3149,0,0
email3150,0,0
email3151,0,0
email3152,0,0
email3153,0,0
email3154,0,0
email3155,0,0
email3156,0,0
email3157,0,0
email3158,1,1
email3159,1,1
email3160,0,0
email3161,0,0
email3162,0,0
email3163,0,0
email3164,0,0
email3165,0,0
email3166,0,0
email3167,0,0
email3168,1,1
email3169,1,1
email3170,0,0
email3171,0,0
email3172,1,1
email3173,0,0
email3174,0,0
email3175,0,0
email3176,0,0
email3177,0,0
email3178,0,0
email3179,0,0
email3180,0,0
email3181,0,0
email3182,1,1
email3183,1,1
email3184,0,0
email3185,1,1
email3186,0,0
email3187,0,0
email3188,0,0
email3189,1,1
email3190,0,0
email3191,0,0
email3192,1,1
email3193,0,0
email3194,1,1
email3195,0,0
email3196,0,0
email3197,0,0
email3198,0,0
email3199,0,0
email3200,0,0
email3201,0,0
email3202,1,1
email3203,1,0
email3204,0,0
email3205,0,0
email3206,1,1
email3207,0,0
email3208,0,0
email3209,1,1
email3210,0,0
email3211,0,0
email3212,0,0
email3213,0,0
email3214,0,0
email3215,0,0
email3216,0,0
email3217,1,0
email3218,0,1
email3219,0,0
email3220,0,0
email3221,0,0
email3222,0,0
email3223,0,0
email3224,0,0
email3225,0,0
email3226,1,1
email3227,0,0
email3228,0,0
email3229,1,1
email3230,1,1
email3231,1,1
email3232,0,1
email3233,0,0
email3234,0,0
email3235,0,0
email3236,0,0
email3237,0,1
email3238,1,1
email3239,1,1
email3240,1,1
email3241,1,1
email3242,0,0
email3243,0,0
email3244,0,0
email3245,1,1
email3246,1,1
email3247,0,0
email3248,0,0
email3249,0,0
email3250,0,0
email3251,0,0
email3252,0,0
email3253,0,0
email3254,0,0
email3255,0,0
email3256,1,1
email3257,1,1
email3258,1,1
email3259,1,1
email3260,0,1
email3261,0,0
email3262,1,1
email3263,0,0
email3264,0,0
email3265,1,1
email3266,1,1
email3267,1,1
email3268,0,0
email3269,0,0
email3270,0,0
email3271,0,1
email3272,0,0
email3273,1,1
email3274,0,1
email3275,0,0
email3276,0,0
email3277,1,1
email3278,1,1
email3279,1,1
email3280,0,0
email3281,0,0
email3282,0,0
email3283,0,0
email3284,1,1
email3285,0,0
email3286,0,1
email3287,0,0
email3288,1,0
email3289,0,0
email3290,1,1
email3291,0,0
email3292,0,0
email3293,1,1
email3294,0,0
email3295,0,0
email3296,0,0
email3297,0,0
email3298,0,0
email3299,0,0
email3300,0,0
email3301,0,0
email3302,0,0
email3303,0,0
email3304,0,0
email3305,0,0
email3306,0,0
email3307,1,1
email3308,0,0
email3309,1,1
email3310,0,0
email3311,1,1
email3312,0,0
email3313,0,0
email3314,1,1
email3315,0,0
email3316,1,1
email3317,0,0
email3318,0,0
email3319,0,0
email3320,1,1
email3321,0,0
email3322,0,0
email3323,0,0
email3324,0,0
email3325,0,0
email3326,1,1
email3327,0,0
email3328,1,1
email3329,0,0
email3330,1,1
email3331,1,1
email3332,0,0
email3333,0,0
email3334,1,1
email3335,0,0
email3336,1,0
email3337,1,1
email3338,0,0
email3339,1,0
email3340,0,0
email3341,0,0
email3342,1,1
email3343,0,0
email3344,1,0
email3345,1,1
email3346,0,0
email3347,0,0
email3348,0,0
email3349,0,0
email3350,0,0
email3351,0,0
email3352,0,0
email3353,1,0
email3354,0,0
email3355,0,0
email3356,0,0
email3357,1,1
email3358,0,0
email3359,0,0
email3360,0,0
email3361,0,0
email3362,0,0
email3363,0,0
email3364,1,1
email3365,0,0
email3366,1,1
email3367,0,0
email3368,0,0
email3369,1,1
email3370,0,0
email3371,0,1
email3372,0,0
email3373,1,1
email3374,1,1
email3375,0,0
email3376,1,1
email3377,0,0
email3378,0,0
email3379,1,1
email3380,0,0
email3381,0,0
email3382,0,0
email3383,1,0
email3384,0,0
email3385,1,1
email3386,0,0
email3387,0,0
email3388,0,0
email3389,0,0
email3390,1,1
email3391,0,0
email3392,0,0
email3393,0,0
email3394,0,0
email3395,0,0
email3396,0,0
email3397,0,0
email3398,0,0
email3399,0,0
email3400,1,1
email3401,1,1
email3402,0,0
email3403,0,0
email3404,1,1
email3405,0,0
email3406,1,1
email3407,0,0
email3408,0,0
email3409,0,1
email3410,0,0
email3411,1,1
email3412,0,0
email3413,0,0
email3414,1,1
email3415,0,0
email3416,1,1
email3417,0,0
email3418,0,0
email3419,1,1
email3420,0,0
email3421,0,0
email3422,1,1
email3423,1,1
email3424,0,1
email3425,1,1
email3426,0,0
email3427,0,1
email3428,1,1
email3429,0,0
email3430,0,0
email3431,0,0
email3432,0,0
email3433,0,0
email3434,0,0
email3435,0,0
email3436,0,0
email3437,1,1
email3438,0,0
email3439,1,1
email3440,1,1
email3441,1,1
email3442,1,1
email3443,0,0
email3444,0,0
email3445,1,1
email3446,1,1
email3447,0,0
email3448,1,1
email3449,0,0
email3450,0,0
email3451,0,0
email3452,1,1
email3453,0,0
email3454,1,1
email3455,1,1
email3456,0,0
email3457,0,0
email3458,0,0
email3459,0,0
email3460,1,1
email3461,1,1
email3462,0,0
email3463,0,0
email3464,0,0
email3465,0,0
email3466,0,0
email3467,0,0
email3468,0,0
email3469,0,0
email3470,0,0
email3471,1,1
email3472,1,1
email3473,0,0
email3474,1,1
email3475,1,1
email3476,0,0
email3477,0,0
email3478,0,0
email3479,1,1
email3480,0,0
email3481,1,1
email3482,0,0
email3483,1,1
email3484,1,1
email3485,1,1
email3486,1,1
email3487,1,1
email3488,0,0
email3489,0,0
email3490,1,1
email3491,0,0
email3492,0,0
email3493,1,1
email3494,1,1
email3495,0,0
email3496,1,1
email3497,0,0
email3498,1,1
email3499,0,0
email3500,0,1
email3501,0,0
email3502,0,0
email3503,0,0
email3504,1,1
email3505,0,0
email3506,1,1
email3507,0,0
email3508,0,0
email3509,1,1
email3510,1,1
email3511,0,0
email3512,0,0
email3513,1,0
email3514,0,0
email3515,1,0
email3516,1,1
email3517,0,0
email3518,0,0
email3519,1,1
email3520,0,0
email3521,1,1
email3522,1,1
email3523,1,1
email3524,0,0
email3525,0,0
email3526,1,1
email3527,0,0
email3528,0,0
email3529,0,0
email3530,0,0
email3531,0,0
email3532,0,0
email3533,0,0
email3534,0,0
email3535,0,0
email3536,1,1
email3537,1,1
email3538,0,0
email3539,0,0
email3540,0,0
email3541,0,1
email3542,0,0
email3543,0,0
email3544,0,0
email3545,0,0
email3546,0,0
email3547,0,0
email3548,0,0
email3549,1,0
email3550,1,1
email3551,1,1
email3552,0,0
email3553,1,1
email3554,0,0
email3555,0,0
email3556,0,0
email3557,1,1
email3558,0,0
email3559,0,0
email3560,0,0
email3561,0,0
email3562,1,1
email3563,1,1
email3564,0,0
email3565,1,0
email3566,1,1
email3567,0,0
email3568,1,1
email3569,0,0
email3570,1,1
email3571,0,0
email3572,0,0
email3573,0,0
email3574,0,0
email3575,1,0
email3576,0,0
email3577,0,0
email3578,0,0
email3579,0,0
email3580,0,0
email3581,0,0
email3582,0,0
email3583,0,0
email3584,1,1
email3585,0,0
email3586,0,0
email3587,0,0
email3588,0,0
email3589,0,0
email3590,1,1
email3591,0,0
email3592,0,0
email3593,0,0
email3594,0,1
email3595,0,0
email3596,0,0
email3597,1,1
email3598,0,0
email3599,0,0
email3600,1,1
email3601,0,0
email3602,1,1
email3603,1,1
email3604,1,1
email3605,0,0
email3606,1,1
email3607,0,0
email3608,0,0
email3609,1,1
email3610,0,0
email3611,1,1
email3612,0,0
email3613,0,0
email3614,0,0
email3615,1,1
email3616,0,0
email3617,0,0
email3618,0,0
email3619,1,1
email3620,1,1
email3621,0,1
email3622,0,0
email3623,1,1
email3624,1,1
email3625,1,1
email3626,1,1
email3627,0,0
email3628,0,0
email3629,0,0
email3630,1,1
email3631,0,0
email3632,1,0
email3633,1,1
email3634,0,0
email3635,0,0
email3636,0,0
email3637,0,0
email3638,0,0
email3639,0,0
email3640,1,1
email3641,0,0
email3642,1,1
email3643,0,0
email3644,0,0
email3645,0,0
email3646,0,0
email3647,0,0
email3648,0,0
email3649,0,0
email3650,0,0
email3651,0,0
email3652,0,1
email3653,0,0
email3654,0,0
email3655,0,0
email3656,0,0
email3657,1,0
email3658,0,0
email3659,0,1
email3660,0,0
email3661,1,1
email3662,1,1
email3663,0,0
email3664,0,0
email3665,1,1
email3666,0,0
email3667,0,0
email3668,0,0
email3669,0,1
email3670,1,1
email3671,0,0
email3672,0,0
email3673,0,0
email3674,1,1
email3675,1,1
email3676,0,0
email3677,0,0
email3678,0,0
email3679,1,1
email3680,0,0
email3681,1,1
email3682,0,0
email3683,0,0
email3684,0,0
email3685,0,0
email3686,0,0
email3687,0,0
email3688,0,0
email3689,0,1
email3690,1,1
email3691,1,1
email3692,0,0
email3693,0,0
email3694,0,0
email3695,0,0
email3696,1,1
email3697,0,0
email3698,0,0
email3699,0,0
email3700,0,0
email3701,1,1
email3702,1,1
email3703,0,0
email3704,1,0
email3705,1,1
email3706,0,0
email3707,0,0
email3708,0,0
email3709,0,0
email3710,0,0
email3711,0,0
email3712,0,0
email3713,1,1
email3714,0,0
email3715,1,1
email3716,1,1
email3717,0,0
email3718,1,0
email3719,1,1
email3720,0,0
email3721,0,0
email3722,1,0
email3723,0,0
email3724,0,0
email3725,1,1
email3726,0,0
email3727,0,0
email3728,0,0
email3729,0,0
email3730,1,1
email3731,1,1
email3732,0,0
email3733,1,0
email3734,0,0
email3735,0,0
email3736,0,0
email3737,1,1
email3738,0,0
email3739,0,0
email3740,1,1
email3741,0,0
email3742,1,1
email3743,0,0
email3744,1,0
email3745,1,1
email3746,1,0
email3747,1,0
email3748,0,0
email3749,1,1
email3750,1,1
email3751,0,0
email3752,0,0
email3753,0,0
email3754,1,1
email3755,1,1
email3756,0,0
email3757,0,0
email3758,0,0
email3759,0,0
email3760,0,0
email3761,1,1
email3762,1,0
email3763,0,0
email3764,0,0
email3765,0,0
email3766,1,0
email3767,0,0
email3768,0,0
email3769,1,1
email3770,0,0
email3771,0,0
email3772,0,0
email3773,0,0
email3774,0,0
email3775,1,1
email3776,0,0
email3777,1,1
email3778,1,1
email3779,0,0
email3780,0,0
email3781,1,1
email3782,0,0
email3783,0,0
email3784,0,0
email3785,0,0
email3786,0,0
email3787,0,0
email3788,1,1
email3789,0,0
email3790,1,1
email3791,0,0
email3792,0,0
email3793,0,0
email3794,0,0
email3795,0,0
email3796,0,0
email3797,0,0
email3798,1,1
email3799,0,1
email3800,0,0
email3801,0,0
email3802,0,0
email3803,0,0
email3804,1,1
email3805,1,1
email3806,0,0
email3807,0,0
email3808,0,0
email3809,1,1
email3810,1,1
email3811,0,0
email3812,0,0
email3813,1,1
email3814,1,1
email3815,0,0
email3816,0,0
email3817,1,1
email3818,0,0
email3819,0,0
email3820,0,0
email3821,1,1
email3822,1,1
email3823,0,0
email3824,0,0
email3825,1,1
email3826,1,1
email3827,0,0
email3828,1,1
email3829,0,0
email3830,0,0
email3831,0,0
email3832,0,0
email3833,0,0
email3834,0,0
email3835,0,0
email3836,0,0
email3837,0,0
email3838,1,1
email3839,0,0
email3840,0,0
email3841,0,0
email3842,0,0
email3843,0,0
email3844,0,0
email3845,1,1
email3846,1,1
email3847,1,1
email3848,0,0
email3849,1,1
email3850,1,1
email3851,0,0
email3852,0,0
email3853,1,1
email3854,0,0
email3855,1,1
email3856,0,0
email3857,1,1
email3858,1,1
email3859,1,1
email3860,0,0
email3861,0,0
email3862,0,0
email3863,1,0
email3864,0,0
email3865,0,0
email3866,0,0
email3867,0,0
email3868,0,0
email3869,0,0
email3870,0,0
email3871,0,0
email3872,1,1
email3873,0,0
email3874,0,0
email3875,0,0
email3876,1,1
email3877,0,0
email3878,0,0
email3879,0,0
email3880,1,1
email3881,0,0
email3882,0,0
email3883,0,0
email3884,0,0
email3885,0,0
email3886,0,0
email3887,1,0
email3888,0,0
email3889,1,1
email3890,1,1
email3891,0,0
email3892,1,1
email3893,0,1
email3894,0,0
email3895,0,0
email3896,1,1
email3897,0,0
email3898,0,0
email3899,0,1
email3900,0,0
email3901,0,0
email3902,1,1
email3903,1,0
email3904,1,1
email3905,0,0
email3906,0,0
email3907,1,1
email3908,0,0
email3909,0,0
email3910,1,0
email3911,0,0
email3912,0,0
email3913,0,0
email3914,0,0
email3915,1,1
email3916,0,0
email3917,0,0
email3918,0,0
email3919,1,1
email3920,0,0
email3921,1,1
email3922,0,0
email3923,1,1
email3924,1,1
email3925,1,1
email3926,0,0
email3927,0,0
email3928,1,1
email3929,1,1
email3930,0,0
email3931,0,0
email3932,0,0
email3933,0,0
email3934,1,1
email3935,0,0
email3936,0,0
email3937,1,1
email3938,0,0
email3939,0,0
email3940,0,0
email3941,0,0
email3942,0,0
email3943,0,0
email3944,1,1
email3945,0,0
email3946,0,0
email3947,0,1
email3948,0,0
email3949,0,0
email3950,1,1
email3951,1,1
email3952,0,0
email3953,1,1
email3954,1,1
email3955,0,0
email3956,0,0
email3957,0,0
email3958,1,1
email3959,0,0
email3960,0,0
email3961,0,0
email3962,1,1
email3963,0,0
email3964,1,1
email3965,0,0
email3966,0,0
email3967,0,0
email3968,0,0
email3969,1,1
email3970,1,1
email3971,0,0
email3972,1,1
email3973,0,0
email3974,0,0
email3975,1,1
email3976,0,0
email3977,0,0
email3978,0,0
email3979,0,0
email3980,0,0
email3981,1,1
email3982,1,1
email3983,0,1
email3984,1,1
email3985,0,0
email3986,0,0
email3987,1,1
email3988,0,0
email3989,0,0
email3990,0,0
email3991,0,0
email3992,0,0
email3993,0,0
email3994,0,0
email3995,1,1
email3996,1,1
email3997,1,1
email3998,0,0
email3999,0,0
email4000,0,0
email4001,0,0
email4002,1,1
email4003,0,0
email4004,1,1
email4005,0,0
email4006,0,0
email4007,0,0
email4008,0,0
email4009,0,0
email4010,0,0
email4011,1,0
email4012,1,1
email4013,1,1
email4014,0,0
email4015,1,1
email4016,0,0
email4017,0,0
email4018,0,0
email4019,0,0
email4020,1,1
email4021,1,1
email4022,0,0
email4023,1,1
email4024,0,0
email4025,0,0
email4026,0,0
email4027,0,0
email4028,0,0
email4029,0,0
email4030,0,0
email4031,0,0
email4032,0,0
email4033,0,0
email4034,0,0
email4035,0,0
email4036,0,0
email4037,0,0
email4038,0,0
email4039,1,1
email4040,0,0
email4041,0,0
email4042,0,0
email4043,0,0
email4044,1,1
email4045,1,1
email4046,0,0
email4047,0,0
email4048,0,0
email4049,1,1
email4050,0,0
email4051,0,0
email4052,0,0
email4053,0,1
email4054,1,1
email4055,0,0
email4056,0,0
email4057,1,1
email4058,1,0
email4059,0,0
email4060,0,0
email4061,0,0
email4062,0,0
email4063,0,0
email4064,0,0
email4065,0,0
email4066,1,1
email4067,0,0
email4068,1,1
email4069,0,0
email4070,0,0
email4071,0,0
email4072,0,0
email4073,0,0
email4074,0,0
email4075,1,1
email4076,0,0
email4077,1,1
email4078,0,0
email4079,1,1
email4080,1,1
email4081,0,0
email4082,1,1
email4083,1,1
email4084,1,1
email4085,0,0
email4086,1,1
email4087,1,1
email4088,0,0
email4089,1,1
email4090,1,1
email4091,1,1
email4092,0,0
email4093,1,0
email4094,0,0
email4095,0,0
email4096,0,0
email4097,0,0
email4098,1,1
email4099,1,1
email4100,0,0
email4101,1,1
email4102,1,0
email4103,1,1
email4104,1,0
email4105,0,0
email4106,0,0
email4107,0,0
email4108,0,0
email4109,0,0
email4110,0,0
email4111,0,0
email4112,0,0
email4113,1,1
email4114,0,0
email4115,0,0
email4116,0,0
email4117,0,0
email4118,0,0
email4119,1,1
email4120,0,0
email4121,0,0
email4122,0,0
email4123,0,0
email4124,0,0
email4125,0,0
email4126,0,0
email4127,1,1
email4128,0,0
email4129,0,0
email4130,0,1
email4131,0,0
email4132,0,0
email4133,0,0
email4134,0,0
email4135,0,0
email4136,0,0
email4137,0,0
email4138,0,0
email4139,0,0
email4140,1,1
email4141,0,0
email4142,1,1
email4143,1,1
email4144,0,0
email4145,0,0
email4146,0,0
email4147,0,0
email4148,1,1
email4149,0,0
email4150,0,0
email4151,0,0
email4152,0,0
email4153,0,0
email4154,0,0
email4155,1,1
email4156,0,0
email4157,0,0
email4158,1,1
email4159,0,0
email4160,0,0
email4161,1,1
email4162,0,0
email4163,1,1
email4164,0,0
email4165,0,0
email4166,0,0
email4167,0,0
email4168,0,0
email4169,1,1
email4170,0,0
email4171,0,0
email4172,0,1
email4173,0,0
email4174,0,0
email4175,0,0
email4176,0,0
email4177,1,1
email4178,0,0
email4179,1,0
email4180,0,0
email4181,0,0
email4182,0,0
email4183,1,1
email4184,1,1
email4185,0,0
email4186,0,0
email4187,0,0
email4188,1,1
email4189,1,1
email4190,0,0
email4191,1,1
email4192,1,1
email4193,1,1
email4194,0,0
email4195,0,0
email4196,1,1
email4197,0,0
email4198,1,1
email4199,1,1
email4200,1,1
email4201,1,1
email4202,1,1
email4203,0,0
email4204,0,0
email4205,0,0
email4206,1,1
email4207,1,1
email4208,0,0
email4209,0,0
email4210,0,0
email4211,1,1
email4212,0,0
email4213,0,0
email4214,0,0
email4215,1,1
email4216,0,0
email4217,1,0
email4218,0,0
email4219,0,0
email4220,0,0
email4221,0,0
email4222,0,0
email4223,0,0
email4224,0,0
email4225,0,0
email4226,1,1
email4227,0,0
email4228,0,0
email4229,1,1
email4230,0,0
email4231,0,1
email4232,1,1
email4233,0,0
email4234,1,1
email4235,1,1
email4236,1,1
email4237,1,1
email4238,1,1
email4239,0,0
email4240,0,0
email4241,1,1
email4242,0,0
email4243,1,1
email4244,1,1
email4245,0,0
email4246,0,0
email4247,0,0
email4248,0,0
email4249,0,0
email4250,0,0
email4251,0,0
email4252,1,1
email4253,0,0
email4254,0,0
email4255,0,0
email4256,0,0
email4257,1,1
email4258,1,1
email4259,0,0
email4260,1,1
email4261,0,0
email4262,0,0
email4263,1,1
email4264,1,1
email4265,0,0
email4266,0,0
email4267,0,0
email4268,1,1
email4269,0,0
email4270,1,1
email4271,0,0
email4272,1,1
email4273,0,0
email4274,0,0
email4275,1,1
email4276,0,0
email4277,1,1
email4278,0,0
email4279,0,0
email4280,0,0
email4281,0,0
email4282,1,1
email4283,0,1
email4284,1,1
email4285,0,0
email4286,1,1
email4287,0,0
email4288,0,0
email4289,0,1
email4290,0,0
email4291,0,0
email4292,0,0
email4293,0,0
email4294,0,0
email4295,0,0
email4296,0,0
email4297,0,0
email4298,0,0
email4299,0,0
email4300,1,1
email4301,0,0
email4302,1,1
email4303,0,0
email4304,0,0
email4305,0,0
email4306,1,1
email4307,0,0
email4308,0,0
email4309,0,0
email4310,0,0
email4311,0,0
email4312,0,0
email4313,0,0
email4314,0,0
email4315,0,0
email4316,0,0
email4317,0,0
email4318,1,1
email4319,0,0
email4320,0,0
email4321,0,0
email4322,0,0
email4323,1,1
email4324,0,0
email4325,0,0
email4326,1,1
email4327,0,0
email4328,0,0
email4329,0,0
email4330,0,0
email4331,1,1
email4332,1,1
email4333,0,0
email4334,0,0
email4335,0,0
email4336,0,0
email4337,0,0
email4338,0,0
email4339,0,0
email4340,0,0
email4341,0,0
email4342,0,0
email4343,1,1
email4344,0,0
email4345,0,0
email4346,0,0
email4347,1,1
email4348,0,0
email4349,0,0
email4350,0,0
email4351,0,0
email4352,0,0
email4353,0,0
email4354,0,0
email4355,0,0
email4356,0,0
email4357,0,0
email4358,0,0
email4359,0,0
email4360,1,1
email4361,1,1
email4362,0,0
email4363,0,0
email4364,0,0
email4365,1,1
email4366,0,1
email4367,0,0
email4368,0,0
email4369,0,0
email4370,0,0
email4371,1,0
email4372,0,0
email4373,0,0
email4374,0,0
email4375,1,1
email4376,1,1
email4377,1,1
email4378,0,0
email4379,0,0
email4380,0,0
email4381,1,1
email4382,0,0
email4383,0,0
email4384,0,0
email4385,1,1
email4386,0,0
email4387,1,1
email4388,0,0
email4389,0,0
email4390,0,1
email4391,0,0
email4392,0,0
email4393,1,1
email4394,0,0
email4395,1,1
email4396,0,0
email4397,0,0
email4398,0,0
email4399,1,0
email4400,1,1
email4401,0,0
email4402,0,0
email4403,0,1
email4404,0,0
email4405,1,1
email4406,1,0
email4407,0,0
email4408,1,1
email4409,0,0
email4410,0,0
email4411,0,0
email4412,0,0
email4413,0,0
email4414,0,0
email4415,1,1
email4416,0,0
email4417,0,0
email4418,1,1
email4419,1,1
email4420,0,0
email4421,0,0
email4422,1,1
email4423,0,0
email4424,0,0
email4425,1,1
email4426,0,0
email4427,0,0
email4428,0,0
email4429,0,0
email4430,1,1
email4431,1,1
email4432,0,1
email4433,1,1
email4434,1,1
email4435,0,0
email4436,1,1
email4437,1,1
email4438,0,0
email4439,0,0
email4440,0,0
email4441,0,0
email4442,0,0
email4443,0,0
email4444,1,1
email4445,0,0
email4446,0,0
email4447,1,1
email4448,1,1
email4449,0,0
email4450,0,0
email4451,0,0
email4452,0,0
email4453,1,1
email4454,0,0
email4455,0,0
email4456,0,0
email4457,0,0
email4458,0,0
email4459,0,0
email4460,0,0
email4461,0,0
email4462,0,0
email4463,0,0
email4464,0,0
email4465,1,1
email4466,0,0
email4467,0,0
email4468,1,1
email4469,0,0
email4470,1,0
email4471,1,1
email4472,1,1
email4473,0,0
email4474,0,0
email4475,0,0
email4476,0,0
email4477,0,0
email4478,1,0
email4479,0,0
email4480,1,1
email4481,1,1
email4482,0,0
email4483,0,0
email4484,0,0
email4485,0,0
email4486,1,1
email4487,0,0
email4488,1,1
email4489,1,1
email4490,1,1
email4491,0,0
email4492,0,1
email4493,0,0
email4494,0,0
email4495,0,0
email4496,0,0
email4497,0,0
email4498,0,0
email4499,0,0
email4500,1,1
email4501,1,1
email4502,0,0
email4503,1,1
email4504,0,0
email4505,0,1
email4506,1,0
email4507,1,1
email4508,1,1
email4509,0,0
email4510,0,0
email4511,0,0
email4512,0,0
email4513,0,0
email4514,0,0
email4515,1,0
email4516,0,0
email4517,0,0
email4518,0,0
email4519,0,0
email4520,0,1
email4521,0,0
email4522,1,1
email4523,1,1
email4524,0,0
email4525,0,0
email4526,0,0
email4527,1,1
email4528,1,1
email4529,0,0
email4530,1,1
email4531,0,0
email4532,0,0
email4533,0,0
email4534,0,1
email4535,0,0
email4536,1,1
email4537,0,0
email4538,0,0
email4539,1,1
email4540,0,0
email4541,1,1
email4542,0,0
email4543,0,0
email4544,0,0
email4545,0,0
email4546,0,0
email4547,0,0
email4548,0,0
email4549,0,0
email4550,0,0
email4551,1,1
email4552,0,0
email4553,0,0
email4554,0,0
email4555,0,0
email4556,0,0
email4557,0,0
email4558,0,0
email4559,0,0
email4560,0,0
email4561,1,1
email4562,1,1
email4563,0,0
email4564,1,1
email4565,0,0
email4566,1,1
email4567,1,0
email4568,0,0
email4569,0,0
email4570,0,0
email4571,0,0
email4572,1,1
email4573,0,0
email4574,1,1
email4575,0,0
email4576,1,1
email4577,0,0
email4578,1,1
email4579,0,0
email4580,0,0
email4581,1,0
email4582,1,1
email4583,1,1
email4584,0,0
email4585,0,0
email4586,0,0
email4587,1,0
email4588,1,1
email4589,1,1
email4590,1,1
email4591,0,0
email4592,0,0
email4593,1,1
email4594,0,0
email4595,0,0
email4596,1,1
email4597,0,0
email4598,0,0
email4599,0,0
email4600,0,0
email4601,0,0
email4602,0,0
email4603,1,1
email4604,0,0
email4605,0,0
email4606,0,0
email4607,0,0
email4608,0,0
email4609,0,0
email4610,1,1
email4611,0,1
email4612,0,0
email4613,0,0
email4614,1,1
email4615,1,1
email4616,0,0
email4617,1,1
email4618,1,1
email4619,0,0
email4620,0,1
email4621,1,1
email4622,1,1
email4623,1,1
email4624,0,0
email4625,0,0
email4626,0,0
email4627,0,0
email4628,0,0
email4629,0,0
email4630,1,1
email4631,0,0
email4632,1,1
email4633,0,0
email4634,0,0
email4635,0,0
email4636,0,0
email4637,0,0
email4638,0,0
email4639,0,0
email4640,0,0
email4641,0,0
email4642,0,0
email4643,0,0
email4644,0,0
email4645,0,1
email4646,0,0
email4647,1,1
email4648,0,0
email4649,0,1
email4650,1,1
email4651,0,0
email4652,0,0
email4653,0,0
email4654,1,1
email4655,0,0
email4656,1,1
email4657,0,0
email4658,0,0
email4659,0,0
email4660,0,0
email4661,1,1
email4662,0,0
email4663,0,0
email4664,0,0
email4665,0,0
email4666,1,1
email4667,0,0
email4668,0,0
email4669,0,0
email4670,1,1
email4671,0,0
email4672,0,0
email4673,1,1
email4674,0,0
email4675,0,0
email4676,0,0
email4677,1,0
email4678,0,0
email4679,0,0
email4680,1,1
email4681,0,0
email4682,1,1
email4683,0,0
email4684,0,0
email4685,0,0
email4686,1,1
email4687,1,1
email4688,0,0
email4689,0,0
email4690,0,0
email4691,0,0
email4692,0,0
email4693,1,1
email4694,1,1
email4695,0,0
email4696,0,0
email4697,0,0
email4698,0,0
email4699,1,1
email4700,0,0
email4701,0,0
email4702,0,0
email4703,0,0
email4704,0,0
email4705,0,0
email4706,1,1
email4707,0,0
email4708,0,0
email4709,0,0
email4710,0,0
email4711,0,0
email4712,1,1
email4713,1,1
email4714,1,0
email4715,0,0
email4716,0,0
email4717,0,0
email4718,0,0
email4719,0,0
email4720,0,0
email4721,0,0
email4722,1,1
email4723,1,1
email4724,0,0
email4725,0,0
email4726,1,1
email4727,1,1
email4728,0,0
email4729,0,0
email4730,0,0
email4731,0,0
email4732,0,0
email4733,1,0
email4734,0,0
email4735,0,0
email4736,0,0
email4737,0,0
email4738,0,0
email4739,0,1
email4740,1,1
email4741,1,1
email4742,0,0
email4743,0,0
email4744,1,0
email4745,1,1
email4746,1,1
email4747,0,0
email4748,0,0
email4749,1,1
email4750,0,0
email4751,0,0
email4752,0,0
email4753,1,1
email4754,0,0
email4755,1,1
email4756,0,0
email4757,0,0
email4758,0,0
email4759,0,0
email4760,1,1
email4761,0,0
email4762,1,1
email4763,0,0
email4764,0,0
email4765,1,1
email4766,0,0
email4767,1,1
email4768,1,1
email4769,1,1
email4770,0,0
email4771,0,0
email4772,0,0
email4773,1,1
email4774,1,1
email4775,0,0
email4776,0,1
email4777,1,1
email4778,0,0
email4779,0,0
email4780,0,0
email4781,0,0
email4782,0,0
email4783,0,0
email4784,1,1
email4785,0,0
email4786,1,1
email4787,1,1
email4788,0,0
email4789,0,0
email4790,1,1
email4791,0,0
email4792,0,0
email4793,1,0
email4794,0,0
email4795,0,0
email4796,0,0
email4797,0,0
email4798,0,0
email4799,0,0
email4800,0,0
email4801,0,0
email4802,0,0
email4803,0,0
email4804,0,0
email4805,0,0
email4806,1,0
email4807,1,1
email4808,0,0
email4809,0,0
email4810,1,1
email4811,1,1
email4812,0,0
email4813,0,0
email4814,0,0
email4815,1,1
email4816,1,1
email4817,0,0
email4818,0,0
email4819,1,0
email4820,1,1
email4821,0,0
email4822,0,0
email4823,0,0
email4824,0,0
email4825,0,0
email4826,0,0
email4827,0,0
email4828,1,1
email4829,1,0
email4830,0,0
email4831,0,0
email4832,0,0
email4833,0,0
email4834,1,1
email4835,0,0
email4836,1,1
email4837,1,1
email4838,1,1
email4839,0,0
email4840,1,0
email4841,1,0
email4842,0,0
email4843,0,0
email4844,1,1
email4845,0,0
email4846,0,0
email4847,1,1
email4848,0,0
email4849,1,1
email4850,0,0
email4851,1,1
email4852,0,0
email4853,1,1
email4854,1,1
email4855,0,0
email4856,1,1
email4857,1,1
email4858,1,1
email4859,0,0
email4860,0,0
email4861,0,0
email4862,0,0
email4863,0,0
email4864,0,0
email4865,0,0
email4866,0,0
email4867,1,1
email4868,0,0
email4869,0,0
email4870,0,0
email4871,1,0
email4872,0,0
email4873,0,0
email4874,0,0
email4875,0,0
email4876,0,0
email4877,1,1
email4878,0,0
email4879,0,0
email4880,1,1
email4881,0,1
email4882,0,0
email4883,0,0
email4884,0,0
email4885,1,1
email4886,1,1
email4887,0,0
email4888,0,0
email4889,0,0
email4890,1,1
email4891,0,0
email4892,1,1
email4893,1,1
email4894,1,1
email4895,0,0
email4896,1,1
email4897,0,0
email4898,1,1
email4899,0,0
email4900,1,1
email4901,0,0
email4902,0,0
email4903,0,0
email4904,0,0
email4905,0,0
email4906,0,0
email4907,0,0
email4908,0,0
email4909,0,0
email4910,1,1
email4911,1,1
email4912,0,0
email4913,1,0
email4914,1,1
email4915,0,0
email4916,1,1
email4917,0,0
email4918,0,0
email4919,0,0
email4920,0,0
email4921,0,0
email4922,0,0
email4923,1,1
email4924,1,1
email4925,1,1
email4926,1,1
email4927,0,0
email4928,1,1
email4929,0,0
email4930,1,1
email4931,1,1
email4932,1,1
email4933,0,0
email4934,1,1
email4935,0,0
email4936,0,0
email4937,0,0
email4938,0,0
email4939,1,1
email4940,0,0
email4941,0,0
email4942,0,0
email4943,0,0
email4944,0,0
email4945,0,0
email4946,0,0
email4947,1,1
email4948,1,1
email4949,1,1
email4950,0,0
email4951,1,1
email4952,0,0
email4953,0,0
email4954,0,0
email4955,0,0
email4956,0,0
email4957,0,0
email4958,1,1
email4959,0,0
email4960,1,1
email4961,1,1
email4962,0,0
email4963,0,0
email4964,0,0
email4965,0,0
email4966,0,0
email4967,0,0
email4968,0,0
email4969,0,0
email4970,0,0
email4971,0,0
email4972,1,1
email4973,0,1
email4974,0,0
email4975,0,0
email4976,0,0
email4977,0,0
email4978,0,0
email4979,0,0
email4980,1,1
email4981,0,0
email4982,1,1
email4983,0,0
email4984,0,0
email4985,1,1
email4986,0,0
email4987,0,0
email4988,1,1
email4989,0,0
email4990,0,0
email4991,0,0
email4992,0,0
email4993,0,0
email4994,0,0
email4995,1,1
email4996,1,0
email4997,1,0
email4998,1,1
email4999,1,1
email5000,0,0
email5001,0,0
email5002,1,1
email5003,0,0
email5004,0,0
email5005,1,1
email5006,0,0
email5007,0,0
email5008,0,0
email5009,0,0
email5010,0,0
email5011,1,1
email5012,0,0
email5013,0,0
email5014,0,0
email5015,0,1
email5016,1,1
email5017,0,0
email5018,1,1
email5019,0,0
email5020,0,0
email5021,0,0
email5022,0,0
email5023,0,0
email5024,1,1
email5025,0,0
email5026,0,1
email5027,0,0
email5028,0,0
email5029,0,0
email5030,0,0
email5031,0,0
email5032,0,0
email5033,1,1
email5034,0,0
email5035,0,0
email5036,0,0
email5037,0,0
email5038,1,1
email5039,0,0
email5040,1,1
email5041,1,0
email5042,1,0
email5043,1,1
email5044,0,0
email5045,0,0
email5046,0,0
email5047,1,1
email5048,0,0
email5049,0,0
email5050,0,0
email5051,0,0
email5052,0,0
email5053,0,0
email5054,1,1
email5055,0,0
email5056,0,0
email5057,1,1
email5058,1,1
email5059,0,0
email5060,0,0
email5061,1,1
email5062,0,0
email5063,0,0
email5064,0,0
email5065,1,1
email5066,0,0
email5067,0,0
email5068,0,0
email5069,0,1
email5070,0,0
email5071,1,1
email5072,0,0
email5073,0,0
email5074,0,0
email5075,0,0
email5076,0,0
email5077,0,0
email5078,0,0
email5079,1,1
email5080,1,1
email5081,0,0
email5082,0,1
email5083,0,0
email5084,1,1
email5085,1,0
email5086,0,0
email5087,1,1
email5088,0,0
email5089,1,1
email5090,1,1
email5091,0,0
email5092,0,0
email5093,0,0
email5094,0,0
email5095,0,0
email5096,0,0
email5097,1,0
email5098,0,0
email5099,0,0
email5100,0,0
email5101,1,0
email5102,0,0
email5103,0,0
email5104,1,1
email5105,0,0
email5106,1,1
email5107,1,1
email5108,1,1
email5109,0,0
email5110,0,0
email5111,0,0
email5112,0,0
email5113,0,0
email5114,0,0
email5115,0,0
email5116,0,0
email5117,0,0
email5118,0,0
email5119,1,1
email5120,0,0
email5121,1,1
email5122,0,0
email5123,1,1
email5124,0,0
email5125,1,1
email5126,0,0
email5127,1,1
email5128,0,0
email5129,0,0
email5130,0,0
email5131,0,0
email5132,0,0
email5133,0,0
email5134,0,0
email5135,1,1
email5136,0,0
email5137,0,0
email5138,0,0
email5139,0,0
email5140,0,0
email5141,0,0
email5142,1,1
email5143,0,0
email5144,0,0
email5145,1,1
email5146,0,0
email5147,1,1
email5148,0,0
email5149,1,1
email5150,1,1
email5151,0,0
email5152,1,1
email5153,1,1
email5154,0,0
email5155,0,0
email5156,0,0
email5157,0,0
email5158,0,0
email5159,0,0
email5160,1,1
email5161,0,0
email5162,1,1
email5163,1,1
email5164,0,0
email5165,1,1
email5166,0,0
email5167,0,0
email5168,0,0
email5169,0,0
email5170,0,0
email5171,1,1
